cluster,avg_abstract_length
1,2365.1
3,2031.4285714285713
2,2278.0
0,1274.8046511627906
4,2246.0
